{
  "version": "deacon 0.10.0",
  "index": "idx.idx",
  "input": "data/rsviruses17900/rsviruses17900.fasta",
  "input2": null,
  "output": "-",
  "output2": null,
  "k": 31,
  "w": 15,
  "abs_threshold": 1,
  "rel_threshold": 0.0,
  "prefix_length": 0,
  "deplete": true,
  "rename": false,
  "seqs_in": 2735041,
  "seqs_out": 2723609,
  "seqs_out_proportion": 0.9958201723484218,
  "seqs_removed": 11432,
  "seqs_removed_proportion": 0.004179827651578166,
  "bp_in": 5380463201,
  "bp_out": 5329113553,
  "bp_out_proportion": 0.9904562774464369,
  "bp_removed": 51349648,
  "bp_removed_proportion": 0.009543722553563097,
  "time": 10.9389,
  "seqs_per_second": 424042,
  "bp_per_second": 834190871,
  "seqs_per_second_total": 250028,
  "bp_per_second_total": 491865105
}