{
  "version": "deacon 0.10.0",
  "index": "idx.idx",
  "input": "data/rsviruses17900/rsviruses17900.fasta",
  "input2": null,
  "output": "-",
  "output2": null,
  "k": 31,
  "w": 15,
  "abs_threshold": 1,
  "rel_threshold": 0.0,
  "prefix_length": 0,
  "deplete": true,
  "rename": false,
  "seqs_in": 2735041,
  "seqs_out": 2723610,
  "seqs_out_proportion": 0.9958205379736538,
  "seqs_removed": 11431,
  "seqs_removed_proportion": 0.004179462026346223,
  "bp_in": 5380463201,
  "bp_out": 5329114419,
  "bp_out_proportion": 0.9904564383991221,
  "bp_removed": 51348782,
  "bp_removed_proportion": 0.009543561600877864,
  "time": 11.080235833,
  "seqs_per_second": 357031,
  "bp_per_second": 702364317,
  "seqs_per_second_total": 246839,
  "bp_per_second_total": 485591036
}