{
  "version": "deacon 0.10.0",
  "index": "idx.idx",
  "input": "data/rsviruses17900/rsviruses17900.r1.fastq.zst",
  "input2": "data/rsviruses17900/rsviruses17900.r2.fastq.zst",
  "output": "-",
  "output2": null,
  "k": 31,
  "w": 15,
  "abs_threshold": 1,
  "rel_threshold": 0.0,
  "prefix_length": 0,
  "deplete": true,
  "rename": false,
  "seqs_in": 35862138,
  "seqs_out": 35837024,
  "seqs_out_proportion": 0.9992997071172945,
  "seqs_removed": 25114,
  "seqs_removed_proportion": 0.0007002928827054316,
  "bp_in": 5379320700,
  "bp_out": 5375553600,
  "bp_out_proportion": 0.9992997071172945,
  "bp_removed": 3767100,
  "bp_removed_proportion": 0.0007002928827054316,
  "time": 27.8390085,
  "seqs_per_second": 1540451,
  "bp_per_second": 231067691,
  "seqs_per_second_total": 1288197,
  "bp_per_second_total": 193229608
}